consider,3
minute,1
accord,1
evident,2
practice,3
intend,1
concern,2
commit,1
issue,1
approach,3
establish,4
conduct,2
engage,1
obtain,1
scarce,1
policy,1
straight,3
stock,1
apparent,3
property,3
fancy,1
concept,2
appoint,2
passage,2
vain,1
instance,3
coast,1
project,2
commission,5
constant,3
circumstances,8
level,1
affect,1
institute,4
render,1
appeal,1
generate,3
theory,1
range,1
campaign,3
league,1
labor,1
confer,1
grant,1
dwell,1
entertain,4
contract,3
earnest,2
yield,1
wander,1
insist,1
knight,1
convince,3
inspire,2
convention,5
skill,1
harry,1
financial,4
reflect,2
novel,1
furnish,2
compel,1
venture,2
territory,4
temper,1
bent,1
intimate,3
undertake,4
majority,3
assert,1
crew,1
chamber,2
humble,1
scheme,1
keen,1
liberal,2
despair,2
tide,1
attitude,3
justify,2
flag,1
merit,1
manifest,3
notion,1
scale,1
formal,1
resource,3
persist,2
contempt,3
tour,1
plead,1
weigh,1
mode,1
distinction,6
inclined,3
attribute,4
exert,1
oppress,2
contend,2
stake,1
toil,1
perish,1
disposition,6
rail,1
cardinal,3
boast,1
advocate,3
bestow,1
allege,1
notwithstanding,10
lofty,1
multitude,4
steep,1
heed,1
modest,1
partial,2
apt,1
esteem,1
credible,3
provoke,2
tread,1
ascertain,4
fare,1
cede,1
perpetual,4
decree,1
contrive,3
derived,2
elaborate,4
substantial,6
frontier,3
facile,1
cite,1
warrant,2
sob,1
rider,1
dense,1
afflict,2
flourish,3
ordain,1
pious,1
vex,1
gravity,2
suspended,4
conspicuous,6
retort,1
jet,1
bolt,1
assent,1
purse,1
plus,1
sanction,3
proceeding,5
exalt,1
siege,1
malice,1
extravagant,6
wax,1
throng,1
venerate,3
assail,1
sublime,2
exploit,2
exertion,3
kindle,1
endow,1
imposed,2
humiliate,4
suffrage,3
ensue,1
brook,1
gale,1
muse,1
satire,1
intrigue,3
indication,5
dispatch,3
cower,1
wont,1
tract,1
canon,1
impel,1
latitude,3
vacate,1
undertaking,6
slay,1
predecessor,6
delicacy,3
forsake,2
beseech,2
philosophical,8
grove,1
frustrate,4
illustrious,6
device,1
pomp,1
entreat,2
impart,1
propriety,4
consecrate,5
proceeds,3
fathom,1
objective,4
clad,1
partisan,3
faction,2
contrived,4
venerable,4
restrained,5
besiege,2
manifestation,8
rebuke,1
insurgent,4
rhetoric,3
scrupulous,5
ratify,1
stump,1
discreet,3
imposing,3
wistful,2
mortify,2
ripple,1
premise,2
subside,2
adverse,2
caprice,2
muster,1
comprehensive,8
accede,1
fervent,2
cohere,1
tribunal,3
austere,2
recovering,5
stratum,2
conscientious,8
arbitrary,4
exasperate,5
conjure,2
ominous,2
edifice,2
elude,1
pervade,2
foster,1
admonish,3
repeal,1
retiring,3
incidental,5
acquiesce,4
slew,1
usurp,1
sentinel,3
precision,4
depose,1
wanton,1
odium,1
precept,2
deference,4
fray,1
candid,1
enduring,3
impertinent,6
bland,1
insinuate,4
nominal,2
suppliant,4
languid,2
rave,1
monetary,3
headlong,3
infallible,5
coax,1
explicate,4
gaunt,1
morbid,1
ranging,2
pacify,1
pastoral,3
dogged,1
ebb,1
aide,1
appease,2
stipulate,4
recourse,3
constrained,6
bate,1
aversion,3
conceit,2
loath,1
rampart,2
extort,1
tarry,1
perpetrate,5
decorum,2
luxuriant,4
cant,1
enjoin,1
avarice,2
edict,1
disconcert,5
symmetry,3
capitulate,5
arbitrate,4
cleave,1
append,1
visage,1
horde,1
parable,2
chastise,3
foil,1
veritable,4
grapple,2
gentry,1
pall,1
maxim,1
projection,5
prowess,2
dingy,1
semblance,4
tout,1
fortitude,4
asunder,2
rout,1
staid,1
beguile,2
purport,2
deprave,2
bequeath,3
enigma,1
assiduous,4
vassal,1
quail,1
outskirts,4
bulwark,2
swerve,1
gird,1
betrothed,4
prospective,6
advert,1
peremptory,5
rudiment,3
deduce,1
halting,2
ignominy,3
ideology,3
pallid,1
chagrin,2
obtrude,2
audacious,4
construe,3
ford,1
repast,1
stint,1
fresco,1
dutiful,2
hew,1
parity,1
affable,2
interminable,7
pillage,2
foreboding,5
rend,1
livelihood,5
deign,1
capricious,5
stupendous,5
chaff,1
innate,1
reverie,2
wrangle,2
crevice,2
ostensible,5
craven,1
vestige,2
plumb,1
reticent,3
propensity,5
chide,1
espouse,2
raiment,2
intrepid,3
seemly,1
allay,1
fitful,1
erode,1
unaffected,5
canto,1
docile,1
patronize,4
teem,1
estrange,3
spat,1
warble,1
mien,1
sate,1
constituency,7
patrician,4
parry,1
practitioner,7
ravel,1
infest,1
actuate,2
surly,1
convalesce,5
demoralize,5
devolve,2
alacrity,3
waive,1
unwonted,3
seethe,1
scrutinize,5
diffident,4
execrate,3
implacable,5
pique,1
mite,1
encumber,3
uncouth,2
petulant,3
expiate,2
cavalier,3
banter,1
bluster,2
debase,1
retainer,3
subjugate,4
extol,1
fraught,2
august,1
fissure,2
knoll,1
callous,2
inculcate,4
nettle,1
blanch,1
inscrutable,6
tenacious,4
thrall,1
exigency,3
disconsolate,7
impetus,2
imposition,5
auspices,3
sonorous,3
exploitation,7
bane,1
dint,1
ignominious,6
amicable,3
onset,1
conservatory,7
zenith,1
voluble,2
yeoman,1
levity,1
rapt,1
sultry,1
pinion,1
axiom,1
descry,1
retinue,2
functionary,6
imbibe,1
diversified,6
maraud,1
grudging,3
partiality,5
philology,4
wry,1
caucus,1
permeate,3
propitious,5
salient,2
propitiate,5
excise,1
betoken,2
palatable,4
upbraid,2
renegade,3
hoary,1
pedantic,3
coy,1
troth,1
encroachment,7
belie,1
armada,1
succor,1
imperturbable,8
irresolute,5
knack,1
unseemly,3
accentuate,5
divulge,2
brawn,1
burnish,2
palpitate,4
promiscuous,6
dissemble,4
flotilla,3
invective,4
hermitage,4
despoil,2
sully,1
malevolent,5
irksome,2
prattle,2
subaltern,4
welt,1
wreak,1
tenable,2
inimitable,5
depredation,6
amalgamate,5
immutable,4
proxy,1
dote,1
reactionary,6
rationalism,6
endue,1
discriminating,9
brooch,1
pert,1
disembark,4
aria,1
trappings,4
abet,1
clandestine,6
distend,2
glib,1
pucker,1
rejoinder,4
spangle,2
blighted,3
nicety,1
aggrieve,3
vestment,3
urbane,1
defray,1
spectral,3
munificent,5
dictum,1
fad,1
scabbard,3
adulterate,5
beleaguer,4
gripe,1
remission,4
exorbitant,5
invocation,5
cajole,1
inclusive,4
interdict,4
abase,1
obviate,2
hurtle,1
unanimity,4
mettle,1
interpolate,6
surreptitious,8
dissimulate,6
ruse,1
specious,3
revulsion,4
hale,1
palliate,3
obtuse,1
querulous,4
vagary,1
incipient,4
obdurate,3
grovel,1
refractory,5
dregs,1
ascendancy,5
supercilious,7
pundit,1
commiserate,6
alcove,1
assay,1
parochial,4
conjugal,3
abjure,1
frieze,1
ornate,1
inflammatory,7
machination,6
mendicant,4
meander,2
bullion,2
diffidence,5
makeshift,4
husbandry,4
podium,1
dearth,1
granary,2
whet,1
imposture,4
diadem,1
fallow,1
hubbub,1
dispassionate,8
harrowing,4
askance,2
lancet,1
rankle,1
ramify,1
gainsay,2
polity,1
credence,3
indemnify,4
ingratiate,5
declivity,4
importunate,6
passe,1
whittle,2
repine,1
flay,1
larder,1
threadbare,5
grisly,1
untoward,3
idiosyncrasy,7
quip,1
blatant,2
stanch,1
incongruity,6
perfidious,5
platitude,4
revelry,2
delve,1
extenuate,4
polemic,2
enrapture,4
virtuoso,3
glower,1
mundane,2
fatuous,2
incorrigible,7
postulate,4
gist,1
vociferous,5
purvey,1
baleful,2
gibe,1
dyspeptic,4
prude,1
luminary,3
amenable,3
willful,2
overbearing,6
dais,1
automate,3
enervate,3
wheedle,2
gusto,1
bouillon,3
omniscient,5
apostate,3
carrion,2
emolument,4
ungainly,3
impiety,2
decadence,4
homily,1
avocation,4
circumvent,5
syllogism,4
collation,4
haggle,1
waylay,1
savant,1
cohort,1
unction,2
adjure,1
acrimony,3
clarion,2
turbid,1
cupidity,3
disaffected,6
preternatural,8
eschew,1
expatiate,4
didactic,3
sinuous,2
rancor,1
puissant,3
homespun,3
embroil,2
pathological,7
resonant,3
libretto,3
flail,1
bandy,1
gratis,1
upshot,1
aphorism,3
redoubtable,6
corpulent,4
benighted,4
sententious,6
cabal,1
paraphernalia,8
vitiate,2
adulation,4
quaff,1
unassuming,5
libertine,4
maul,1
adage,1
expostulation,8
tawdry,1
trite,1
hireling,3
ensconce,3
egregious,4
cogent,1
incisive,3
errant,1
sedulous,3
incandescent,7
derelict,3
entomology,5
execrable,4
sluice,1
moot,1
evanescent,5
vat,1
dapper,1
asperity,3
flair,1
mote,1
circumspect,6
inimical,3
apropos,2
gruel,1
gentility,4
disapprobation,9
cameo,1
gouge,1
oratorio,3
inclement,4
scintilla,4
confluence,5
squalor,2
stricture,4
emblazon,3
augury,1
abut,1
banal,1
congeal,2
pilfer,1
malcontent,5
sublimate,4
eugenic,2
lineament,4
firebrand,4
fiasco,1
foolhardy,4
retrench,3
ulterior,3
equable,2
inured,1
invidious,4
unmitigated,6
concomitant,6
cozen,1
phlegmatic,5
dormer,1
pontifical,5
disport,2
apologist,4
abeyance,3
enclave,2
improvident,6
disquisition,7
categorical,6
placate,2
redolent,3
felicitous,5
gusty,1
natty,1
pacifist,3
buxom,1
heyday,1
herculean,4
burgeon,2
crone,1
prognosticate,8
lout,1
simper,1
iniquitous,5
rile,1
sentient,3
garish,1
readjustment,7
erstwhile,4
aquiline,3
bilious,2
vilify,1
nuance,1
gawk,1
refectory,4
palatial,3
mincing,2
trenchant,4
emboss,1
proletarian,6
careen,1
debacle,2
sycophant,4
crabbed,2
archetype,4
cryptic,2
penchant,3
bauble,1
mountebank,5
fawning,2
hummock,2
apotheosis,5
discretionary,8
pithy,1
comport,2
checkered,4
ambrosia,3
factious,3
disgorge,3
filch,1
wraith,1
demonstrable,7
pertinacious,7
emend,1
laggard,2
waffle,1
loquacious,5
venial,1
peon,1
effulgence,5
lode,1
fanfare,2
dilettante,5
pusillanimous,8
ingrained,4
quagmire,3
reprobation,6
mannered,3
squeamish,4
proclivity,5
miserly,2
vapid,1
mercurial,4
perspicuous,6
nonplus,2
enamor,1
hackneyed,4
spate,1
pedagogue,4
acme,1
masticate,4
sinecure,3
indite,1
emetic,1
temporize,4
unimpeachable,8
genesis,2
mordant,2
smattering,5
suavity,2
stentorian,5
junket,1
appurtenance,7
nostrum,2
immure,1
astringent,5
unfaltering,6
tutelage,3
testator,3
elysian,2
fulminate,4
fractious,4
pummel,1
manumit,2
unexceptionable,10
triumvirate,6
sybarite,3
jibe,1
magisterial,6
roseate,2
obloquy,2
hoodwink,3
striate,2
arrogate,3
rarefied,3
chary,1
credo,1
superannuated,8
impolitic,4
aspersion,4
abysmal,2
poignancy,4
stilted,2
effete,1
provender,4
endemic,2
jocund,1